id,short_effect,effect
1,Inflicts regular damage with no additional effect.,Inflicts [regular damage]{mechanic:regular-damage}.
2,Puts the target to sleep.,Puts the target to [sleep]{mechanic:sleep}.
3,Has a $effect_chance% chance to [poison]{mechanic:poison} the target.,Inflicts [regular damage]{mechanic:regular-damage}. Has a $effect_chance% chance to [poison]{mechanic:poison} the target.
4,Drains half the damage inflicted to heal the user.,Inflicts [regular damage]{mechanic:regular-damage}. [Drains]{mechanic:drain} half the damage inflicted to heal the user.
5,Has a $effect_chance% chance to [burn]{mechanic:burn} the target.,Inflicts [regular damage]{mechanic:regular-damage}. Has a $effect_chance% chance to [burn]{mechanic:burn} the target.
6,Has a $effect_chance% chance to [freeze]{mechanic:freeze} the target.,Inflicts [regular damage]{mechanic:regular-damage}. Has a $effect_chance% chance to [freeze]{mechanic:freeze} the target.
7,Has a $effect_chance% chance to [paralyze]{mechanic:paralysis} the target.,Inflicts [regular damage]{mechanic:regular-damage}. Has a $effect_chance% chance to [paralyze]{mechanic:paralyze} the target.
8,User faints.,"User [faint]{mechanic:faint}s, even if the attack [fail]{mechanic:fail}s or [miss]{mechanic:miss}es. Inflicts [regular damage]{mechanic:regular-damage}."
9,Only works on sleeping Pokémon. Drains half the damage inflicted to heal the user.,[Fails]{mechanic:fail} if not used on a [sleep]{mechanic:sleep}ing Pokémon. Inflicts [regular damage]{mechanic:regular-damage}. [Drains]{mechanic:drain} half the damage inflicted to heal the user.
10,Uses the target's last used move.,"Uses the last move targeted at the user by a Pokémon still on the [field]{mechanic:field}. A move counts as targeting the user even if it hit multiple Pokémon, as long as the user was one of them"
11,Raises the user's Attack by one stage.,Raises the user's [Attack]{mechanic:attack} by one [stage]{mechanic:stage}.
12,Raises the user's Defense by one stage.,Raises the user's [Defense]{mechanic:defense} by one [stage]{mechanic:stage}.
14,Raises the user's Special Attack by one stage.,Raises the user's [Special Attack]{mechanic:special-attack} by one [stage]{mechanic:stage}.
17,Raises the user's evasion by one stage.,Raises the user's [evasion]{mechanic:evasion} by one [stage]{mechanic:stage}.
18,Never misses.,Inflicts [regular damage]{mechanic:regular-damage}. Ignores [accuracy]{mechanic:accuracy} and [evasion]{mechanic:evasion} modifiers.
19,Lowers the target's Attack by one stage.,Lowers the target's [Attack]{mechanic:attack} by one [stage]{mechanic:stage}.
20,Lowers the target's Defense by one stage.,Lowers the target's [Defense]{mechanic:defense} by one [stage]{mechanic:stage}.
21,Lowers the target's Speed by one stage.,Lowers the target's [Speed]{mechanic:speed} by one [stage]{mechanic:stage}.
24,Lowers the target's accuracy by one stage.,Lowers the target's [accuracy]{mechanic:accuracy} by one [stage]{mechanic:stage}.
25,Lowers the target's evasion by one stage.,Lowers the target's [evasion]{mechanic:evasion} by one [stage]{mechanic:stage}.
26,Resets all Pokémon's stats,"accuracy, and evasion."",""Removes [stat]{mechanic:stat}, [accuracy]{mechanic:accuracy}, and [evasion]{mechanic:evasion} modifiers from every Pokémon on the [field]{mechanic:field}."
27,User waits for two turns,"then hits back for twice the damage it took."",""User waits for two turns. On the second turn, the user inflicts twice the damage it accumulated on the last Pokémon to hit it. Damage inflicted is [typeless]{mechanic:typeless}."
28,Hits every turn for 2-3 turns,"then confuses the user."",""Inflicts [regular damage]{mechanic:regular-damage}. User is forced to attack with this move for 2–3 turns,selected at random. After the last hit, the user becomes [confused]{mechanic:confused}."
29,Immediately ends wild battles. Forces trainers to switch Pokémon.,[Switch]{mechanic:switch}es the target out for another of its trainer's Pokémon selected at random. Wild battles end immediately.
30,Hits 2-5 times in one turn.,Inflicts [regular damage]{mechanic:regular-damage}. Hits 2–5 times in one turn.
31,User's type changes to the type of one of its moves at random.,"User's [type]{mechanic:type} changes to the [type]{mechanic:type} of one of its moves, selected at random. []{move:hidden-power} and []{move:weather-ball} are treated as []{type:normal}. Only moves with a different [type]{mechanic:type} are eligible, and []{move:curse} is never eligible. If the user has no suitable moves, this move will [fail]{mechanic:fail}."
32,Has a $effect_chance% chance to make the target flinch.,Inflicts [regular damage]{mechanic:regular-damage}. Has a $effect_chance% chance to make the target []{mechanic:flinch}.
33,Heals the user by half its max HP.,Heals the user for half its max [HP]{mechanic:hp}.
34,Badly poisons the target,"inflicting more damage every turn."",[Badly poisons]{mechanic:badly-poisons} the target. Never misses when used by a []{type:poison}-type Pokémon."
35,Scatters money on the ground worth five times the user's level.,"Inflicts [regular damage]{mechanic:regular-damage}. After the battle ends, the winner receives five times the user's level in extra money for each time this move was used."
36,Reduces damage from special attacks by 50% for five turns.,"Erects a barrier around the user's side of the field that reduces damage from [special]{mechanic:special} attacks by half for five turns. In double battles, the reduction is 1/3. [Critical hit]{mechanic:critical-hit}s are not affected by the barrier."
37,Has a $effect_chance% chance to [burn]{mechanic:burn},"[freeze]{mechanic:freeze}, or [paralyze]{mechanic:paralysis} the target."",""Inflicts [regular damage]{mechanic:regular-damage}. Has a $effect_chance% chance to [burn]{mechanic:burn}, [freeze]{mechanic:freeze}, or [paralyze]{mechanic:paralyze} the target. One of these effects is selected at random"
38,User sleeps for two turns,"completely healing itself."",""User falls to [sleep]{mechanic:sleep} and immediately regains all its [HP]{mechanic:hp}. If the user has another [major status effect]{mechanic:major-status-effect}, [sleep]{mechanic:sleep} will replace it. The user will always wake up after two turns, or one turn with []{ability:early-bird}."
39,Causes a one-hit KO.,"Inflicts damage equal to the target's max [HP]{mechanic:hp}. Ignores [accuracy]{mechanic:accuracy} and [evasion]{mechanic:evasion} modifiers. This move's [accuracy]{mechanic:accuracy} is 30% plus 1% for each level the user is higher than the target. If the user is a lower level than the target, this move will [fail]{mechanic:fail}."
40,Requires a turn to charge before attacking.,Inflicts [regular damage]{mechanic:regular-damage}. User's [critical hit]{mechanic:critical-hit} rate is one level higher when using this move. User charges for one turn before attacking.
41,Inflicts damage equal to half the target's HP.,Inflicts [typeless]{mechanic:typeless} damage equal to half the target's remaining [HP]{mechanic:hp}.
42,Inflicts 40 points of damage.,Inflicts exactly 40 damage.
43,Prevents the target from fleeing and inflicts damage for 2-5 turns.,"Inflicts [regular damage]{mechanic:regular-damage}. For the next 2–5 turns, the target cannot leave the field and is damaged for 1/16 its max HP at the end of each turn. The user continues to use other moves during this time. If the user leaves the [field]{mechanic:field}, this effect ends."
44,Has an increased chance for a critical hit.,Inflicts [regular damage]{mechanic:regular-damage}. User's [critical hit]{mechanic:critical-hit} rate is one level higher when using this move.
45,Hits twice in one turn.,Inflicts [regular damage]{mechanic:regular-damage}. Hits twice in one turn.
46,If the user misses,"it takes half the damage it would have inflicted in recoil."",""Inflicts [regular damage]{mechanic:regular-damage}. If this move misses, is blocked by []{move:protect} or []{move:detect}, or has no effect, the user takes half the damage it would have inflicted in recoil. This recoil damage will not exceed half the user's max HP."
47,Protects the user's stats from being changed by enemy moves.,Pokémon on the user's side of the [field]{mechanic:field} are immune to stat-lowering effects for five turns.
48,Increases the user's chance to score a critical hit.,"User's [critical hit]{mechanic:critical-hit} rate is two levels higher until it leaves the field. If the user has already used []{move:focus-energy} since entering the field, this move will [fail]{mechanic:fail}."
49,User receives 1/4 the damage it inflicts in recoil.,Inflicts [regular damage]{mechanic:regular-damage}. User takes 1/4 the damage it inflicts in recoil.
50,Confuses the target.,[Confuse]{mechanic:confuse}s the target.
51,Raises the user's Attack by two stages.,Raises the user's [Attack]{mechanic:attack} by two [stages]{mechanic:stage}.
52,Raises the user's Defense by two stages.,Raises the user's [Defense]{mechanic:defense} by two [stages]{mechanic:stage}.
53,Raises the user's Speed by two stages.,Raises the user's [Speed]{mechanic:speed} by two [stages]{mechanic:stage}.
54,Raises the user's Special Attack by two stages.,Raises the user's [Special Attack]{mechanic:special-attack} by two [stages]{mechanic:stage}.
55,Raises the user's Special Defense by two stages.,Raises the user's [Special Defense]{mechanic:special-defense} by two [stages]{mechanic:stage}.
58,User becomes a copy of the target until it leaves battle.,"User copies the target's species, weight, type, [ability]{mechanic:ability}, [calculated stats]{mechanic:calculated-stats} (except [HP]{mechanic:hp}), and moves. Copied moves will all have 5 [PP]{mechanic:pp} remaining. [IV]{mechanic:iv}s are copied for the purposes of []{move:hidden-power}, but stats are not recalculated."
59,Lowers the target's Attack by two stages.,Lowers the target's [Attack]{mechanic:attack} by two [stages]{mechanic:stage}.
60,Lowers the target's Defense by two stages.,Lowers the target's [Defense]{mechanic:defense} by two [stages]{mechanic:stage}.
61,Lowers the target's Speed by two stages.,Lowers the target's [Speed]{mechanic:speed} by two [stages]{mechanic:stage}.
62,Lowers the target's Special Attack by two stages.,Lowers the target's Special Attack by two stages.
63,Lowers the target's Special Defense by two stages.,Lowers the target's [Special Defense]{mechanic:special-defense} by two [stages]{mechanic:stage}.
66,Reduces damage from physical attacks by half.,"Erects a barrier around the user's side of the field that reduces damage from [physical]{mechanic:physical} attacks by half for five turns. In double battles, the reduction is 1/3. [Critical hit]{mechanic:critical-hit}s are not affected by the barrier."
67,Poisons the target.,[Poisons]{mechanic:poisons} the target.
68,Paralyzes the target.,[Paralyzes]{mechanic:paralyzes} the target.
69,Has a $effect_chance% chance to lower the target's Attack by one stage.,Inflicts [regular damage]{mechanic:regular-damage}. Has a $effect_chance% chance to lower the target's [Attack]{mechanic:attack} by one [stage]{mechanic:stage}.
70,Has a $effect_chance% chance to lower the target's Defense by one stage.,Inflicts [regular damage]{mechanic:regular-damage}. Has a $effect_chance% chance to lower the target's [Defense]{mechanic:defense} by one [stage]{mechanic:stage}.
71,Has a $effect_chance% chance to lower the target's Speed by one stage.,Inflicts [regular damage]{mechanic:regular-damage}. Has a $effect_chance% chance to lower the target's [Speed]{mechanic:speed} by one [stage]{mechanic:stage}.
72,Has a $effect_chance% chance to lower the target's Special Attack by one stage.,Inflicts [regular damage]{mechanic:regular-damage}. Has a $effect_chance% chance to lower the target's [Special Attack]{mechanic:special-attack} by one [stage]{mechanic:stage}.
73,Has a $effect_chance% chance to lower the target's Special Defense by one stage.,Inflicts [regular damage]{mechanic:regular-damage}. Has a $effect_chance% chance to lower the target's [Special Defense]{mechanic:special-defense} by one [stage]{mechanic:stage}.
74,Has a $effect_chance% chance to lower the target's accuracy by one stage.,Inflicts [regular damage]{mechanic:regular-damage}. Has a $effect_chance% chance to lower the target's [accuracy]{mechanic:accuracy} by one [stage]{mechanic:stage}.
75,XXX new effect for mystical-fire,XXX new effect for mystical-fire
76,User charges for one turn before attacking. Has a $effect_chance% chance to make the target flinch.,Inflicts [regular damage]{mechanic:regular-damage}. User charges for one turn before attacking. [Critical hit chance]{mechanic:critical-hit-chance} is one level higher than normal. Has a $effect_chance% chance to make the target [flinch]{mechanic:flinch}.
77,Has a $effect_chance% chance to confuse the target.,Inflicts [regular damage]{mechanic:regular-damage}. Has a $effect_chance% chance to [confuse]{mechanic:confuse} the target.
78,Hits twice in the same turn. Has a $effect_chance% chance to poison the target.,Inflicts [regular damage]{mechanic:regular-damage}. Hits twice in the same turn. Has a $effect_chance% chance to [poison]{mechanic:poison} the target.
79,Never misses.,Inflicts [regular damage]{mechanic:regular-damage}. Ignores [accuracy]{mechanic:accuracy} and [evasion]{mechanic:evasion} modifiers.
80,Transfers 1/4 of the user's max HP into a doll,"protecting the user from further damage or status changes until it breaks."",""Transfers 1/4 the user's max [HP]{mechanic:hp} into a doll that absorbs damage and causes most negative move effects to [fail]{mechanic:fail}. If the user leaves the [field]{mechanic:field}, the doll will vanish. If the user cannot pay the [HP]{mechanic:hp} cost, this move will fail."
81,User foregoes its next turn to recharge.,"Inflicts [regular damage]{mechanic:regular-damage}. User loses its next turn to """"recharge"""", and cannot attack or [switch]{mechanic:switch} out during that turn."
82,If the user is hit after using this move,"its Attack rises by one stage."",""Inflicts [regular damage]{mechanic:regular-damage}. Every time the user is hit after it uses this move but before its next action, its [Attack]{mechanic:attack} raises by one [stage]{mechanic:stage}."
83,Copies the target's last used move.,"This move is replaced by the target's last successfully used move, and its PP changes to 5. If the target hasn't used a move since entering the field, if it tried to use a move this turn and [failed]{mechanic:fail}, or if the user already knows the targeted move, this move will fail. This effect vanishes when the user leaves the field."
84,Randomly selects and uses any move in the game.,"Selects any move at random and uses it. Moves the user already knows are not eligible. Assist, meta, protection, and reflection moves are also not eligible"
85,Seeds the target,"stealing HP from it every turn."",""Plants a seed on the target that [drains]{mechanic:drain} 1/8 of its max [HP]{mechanic:hp} at the end of every turn and heals the user for the amount taken. Has no effect on []{type:grass} Pokémon. The seed remains until the target leaves the field."
86,Does nothing.,Does nothing.
87,Disables the target's last used move for 1-8 turns.,"Disables the target's last used move, preventing its use for 4–7 turns, selected at random, or until the target leaves the [field]{mechanic:field}. If the target hasn't used a move since entering the [field]{mechanic:field}, if it tried to use a move this turn and [failed]{mechanic:failed}, if its last used move has 0 PP remaining, or if it already has a move disabled, this move will fail."
88,Inflicts damage equal to the user's level.,"Inflicts damage equal to the user's level. Type immunity applies, but other type effects are ignored."
89,Inflicts damage between 50% and 150% of the user's level.,"Inflicts [typeless]{mechanic:typeless} damage between 50% and 150% of the user's level, selected at random in increments of 10%."
90,Inflicts twice the damage the user received from the last physical hit it took.,"Targets the last opposing Pokémon to hit the user with a [physical]{mechanic:physical} move this turn. Inflicts twice the damage that move did to the user. If there is no eligible target, this move will [fail]{mechanic:fail}. Type immunity applies, but other type effects are ignored."
91,Forces the target to repeat its last used move every turn for 2 to 6 turns.,"The next 4–8 times (selected at random) the target attempts to move, it is forced to repeat its last used move. If the selected move allows the trainer to select a target, an opponent will be selected at random each turn. If the target is prevented from using the selected move by some other effect, []{move:struggle} will be used instead. This effect ends if the selected move runs out of [PP]{mechanic:pp}."
92,Sets the user's and targets's HP to the average of their current HP.,Changes the user's and target's remaining [HP]{mechanic:hp} to the average of their current remaining [HP]{mechanic:hp}. Ignores [accuracy]{mechanic:accuracy} and [evasion]{mechanic:evasion} modifiers. This effect does not count as inflicting damage for other moves and effects that respond to damage taken.
93,Has a $effect_chance% chance to make the target flinch. Only works if the user is sleeping.,Only usable if the user is [sleep]{mechanic:sleep}ing. Inflicts [regular damage]{mechanic:regular-damage}. Has a $effect_chance% chance to make the target []{mechanic:flinch}.
94,Changes the user's type to a random type either resistant or immune to the last move used against it.,"Changes the user's type to a type either resistant or immune to the last damaging move that hit it. The new type is selected at random and cannot be a type the user already is. If there is no eligible new type, this move will [fail]{mechanic:fail}."
95,Ensures that the user's next move will hit the target.,"If the user targets the same target again before the end of the next turn, the move it uses is guaranteed to hit. This move itself also ignores [accuracy]{mechanic:accuracy} and [evasion]{mechanic:evasion} modifiers."
96,Permanently becomes the target's last used move.,"Permanently replaces itself with the target's last used move. If that move is []{move:chatter} or []{move:struggle}, this move will [fail]{mechanic:fail}."
98,Randomly uses one of the user's other three moves. Only works if the user is sleeping.,Only usable if the user is [sleep]{mechanic:sleep}ing. Randomly selects and uses one of the user's other three moves. Use of the selected move requires and costs 0 [PP]{mechanic:pp}.
99,If the user faints this turn,"the target automatically will, too."",""If the user [faints]{mechanic:faints} before its next move, the Pokémon that [faint]{mechanic:faint}ed it will automatically [faint]{mechanic:faint}. End-of-turn damage is ignored."
100,Inflicts more damage when the user has less HP remaining,"with a maximum of 200 power."",""Inflicts [regular damage]{mechanic:regular-damage}. Power varies inversely with the user's proportional remaining [HP]{mechanic:hp}."
101,Lowers the PP of the target's last used move by 4.,"Lowers the PP of the target's last used move by 4. If the target hasn't used a move since entering the [field]{mechanic:field}, if it tried to use a move this turn and [failed]{mechanic:failed}, or if its last used move has 0 PP remaining, this move will fail."
102,Cannot lower the target's HP below 1.,Inflicts [regular damage]{mechanic:regular-damage}. Will not reduce the target's [HP]{mechanic:hp} below 1.
103,Cures the entire party of major status effects.,Removes [major status effects]{mechanic:major-status-effects} and [confusion]{mechanic:confusion} from every Pokémon in the user's party.
104,Inflicts regular damage with no additional effect.,Inflicts [regular damage]{mechanic:regular-damage}.
105,Hits three times,"increasing power by 100% with each successful hit."",""Inflicts [regular damage]{mechanic:regular-damage}. Hits three times in the same turn. The second hit has double power, and the third hit has triple power. Each hit has a separate [accuracy]{mechanic:accuracy} check, and this move stops if a hit misses."
106,Takes the target's item.,"Inflicts [regular damage]{mechanic:regular-damage}. If the target is holding an item and the user is not, the user will permanently take the item. Damage is still inflicted if an item cannot be taken."
107,Prevents the target from leaving battle.,The target cannot [switch out]{mechanic:switch-out} normally. Ignores [accuracy]{mechanic:accuracy} and [evasion]{mechanic:evasion} modifiers. This effect ends when the user leaves the [field]{mechanic:field}.
108,Target loses 1/4 its max HP every turn as long as it's asleep.,"Only works on [sleep]{mechanic:sleep}ing Pokémon. Gives the target a nightmare, damaging it for 1/4 its max [HP]{mechanic:hp} every turn. If the target wakes up or leaves the [field]{mechanic:field}, this effect ends."
109,Raises the user's evasion by two stages.,Raises the user's [evasion]{mechanic:evasion} by two [stages]{mechanic:stage}.
110,Ghosts pay half their max HP to hurt the target every turn. Others decrease Speed but raise Attack and Defense.,"If the user is a []{type:ghost}: user pays half its max [HP]{mechanic:hp} to place a curse on the target, damaging it for 1/4 its max [HP]{mechanic:hp} every turn."
112,Prevents any moves from hitting the user this turn.,"No moves will hit the user for the remainder of this turn. If the user is last to act this turn, this move will [fail]{mechanic:fail}."
113,Scatters Spikes,"hurting opposing Pokémon that switch in."",""Scatters spikes around the opposing [field]{mechanic:field}, which damage opposing Pokémon that enter the [field]{mechanic:field} for 1/8 of their max [HP]{mechanic:hp}. Pokémon immune to []{type:ground} moves are immune to this damage, except during []{move:gravity}. Up to three layers of spikes may be laid down, adding 1/16 to the damage done: two layers of spikes damage for 3/16 max [HP]{mechanic:hp}, and three layers damage for 1/4 max [HP]{mechanic:hp}."
114,Forces the target to have no Evade,"and allows it to be hit by Normal and Fighting moves even if it's a Ghost."",Resets the target's [evasion]{mechanic:evasion} to normal and prevents any further boosting until the target leaves the [field]{mechanic:field}. A []{type:ghost} under this effect takes normal damage from []{type:normal} and []{type:fighting} moves. This move itself ignores [accuracy]{mechanic:accuracy} and [evasion]{mechanic:evasion} modifiers."
115,User and target both faint after three turns.,"Every Pokémon is given a counter that starts at 3 and decreases by 1 at the end of every turn, including this one. When a Pokémon's counter reaches zero, that Pokémon [faint]{mechanic:faint}s. A Pokémon that leaves the [field]{mechanic:field} will lose its counter"
116,Changes the weather to a sandstorm for five turns.,"Changes the weather to a sandstorm for five turns. Pokémon that are not []{type:ground}, []{type:rock}, or []{type:steel} take 1/16 their max [HP]{mechanic:hp} at the end of every turn. Every []{type:rock} Pokémon's original [Special Defense]{mechanic:special-defense} is raised by 50% for the duration of this effect."
117,Prevents the user's HP from lowering below 1 this turn.,The user's [HP]{mechanic:hp} cannot be lowered below 1 by any means for the remainder of this turn.
118,Power doubles every turn this move is used in succession after the first,"resetting after five turns."",""Inflicts [regular damage]{mechanic:regular-damage}. User is forced to use this move for five turns. Power doubles every time this move is used in succession to a maximum of 16x, and resets to normal after the lock-in ends. If this move misses or becomes unusable, the lock-in ends."
119,Raises the target's Attack by two stages and confuses the target.,"Raises the target's [Attack]{mechanic:attack} by two [stages]{mechanic:stage}, then [confuses]{mechanic:confuses} it. If the target's [Attack]{mechanic:attack} cannot be [raised]{mechanic:raised} by two [stages]{mechanic:stage}, the [confusion]{mechanic:confusion} is not applied."
120,Power doubles every turn this move is used in succession after the first,"maxing out after five turns."",""Inflicts [regular damage]{mechanic:regular-damage}. Power doubles after every time this move is used, whether consecutively or not, maxing out at 16x. If this move misses or the user leaves the [field]{mechanic:field}, power resets."
121,Target falls in love if it has the opposite gender,"and has a 50% chance to refuse attacking the user."",""Causes the target to fall in love with the user, giving it a 50% chance to do nothing each turn. If the user and target are the same gender, or either is genderless, this move will [fail]{mechanic:fail}. If either Pokémon leaves the [field]{mechanic:field}, this effect ends."
122,Power increases with happiness,"up to a maximum of 102."",""Inflicts [regular damage]{mechanic:regular-damage}. Power increases with [happiness]{mechanic:happiness}, given by `happiness * 2 / 5`, to a maximum of 102. Power bottoms out at 1."
123,Randomly inflicts damage with power from 40 to 120 or heals the target for 1/4 its max HP.,Randomly uses one of the following effects.
124,Power increases as happiness decreases,"up to a maximum of 102."",""Inflicts [regular damage]{mechanic:regular-damage}. Power increases inversely with [happiness]{mechanic:happiness}, given by `(255 - happiness) * 2 / 5`, to a maximum of 102. Power bottoms out at 1."
125,Protects the user's field from major status ailments and confusion for five turns.,Protects Pokémon on the user's side of the [field]{mechanic:field} from [major status]{mechanic:major-status} effects and [confusion]{mechanic:confusion} for five turns. Does not cancel existing ailments. This effect remains even if the user leaves the [field]{mechanic:field}.
126,Has a $effect_chance% chance to [burn]{mechanic:burn} the target. Lets frozen Pokémon thaw themselves.,"Inflicts [regular damage]{mechanic:regular-damage}. Has a $effect_chance% chance to [burn]{mechanic:burn} the target. [Frozen]{mechanic:frozen} Pokémon may use this move, in which case they will thaw."
127,Power varies randomly from 10 to 150.,"Inflicts [regular damage]{mechanic:regular-damage}. Power is selected at random between 10 and 150, with an average of 71:"
128,Allows the trainer to switch out the user and pass effects along to its replacement.,"User [switches out]{mechanic:switches-out}, and the trainer selects a replacement Pokémon from the party. [Stat]{mechanic:stat} changes, [confusion]{mechanic:confusion}, and persistent move effects are passed along to the replacement Pokémon."
129,Has double power against,"and can hit, Pokémon attempting to switch out."",""Inflicts [regular damage]{mechanic:regular-damage}. If the target attempts to [switch out]{mechanic:switch-out} this turn before the user acts, this move hits the target before it leaves and has double power."
130,Frees the user from binding moves,"removes Leech Seed, and blows away Spikes."",""Inflicts [regular damage]{mechanic:regular-damage}. Removes []{move:leech-seed} from the user, frees the user from []{move:bind}, []{move:clamp}, []{move:fire-spin}, []{move:magma-storm}, []{move:sand-tomb}, []{move:whirlpool}, and []{move:wrap}, and clears []{move:spikes}, []{move:stealth-rock}, and []{move:toxic-spikes} from the user's side of the [field]{mechanic:field}. If this move misses or has [no effect]{mechanic:no-effect}, its effect doesn't activate."
131,Inflicts 20 points of damage.,Inflicts exactly 20 damage.
133,Heals the user by half its max HP. Affected by weather.,Heals the user for half its max [HP]{mechanic:hp}.
136,Power and type depend upon user's IVs. Power can range from 30 to 70.,Inflicts [regular damage]{mechanic:regular-damage}. Power and type are determined by the user's [IV]{mechanic:iv}s.
1,plus 32 * [Special Attack]{mechanic:special-attack} [IV]{mechanic:iv} bit 1,etc.)
70,inclusive. Average power is 49.5.; ; Type is given by `y * 15 / 63`,"where `y` is similar to `x` above, except constructed from bit 0. (Bit 0 is 1 if the [IV]{mechanic:iv} is odd.) The result is looked up in the following table."
137,Changes the weather to rain for five turns.,"Changes the weather to rain for five turns, during which []{type:water} moves inflict 50% extra damage, and []{type:fire} moves inflict half damage."
138,Changes the weather to sunny for five turns.,"Changes the weather to sunshine for five turns, during which []{type:fire} moves inflict 50% extra damage, and []{type:water} moves inflict half damage."
139,Has a $effect_chance% chance to raise the user's Defense by one stage.,Inflicts [regular damage]{mechanic:regular-damage}. Has a $effect_chance% chance to raise the user's [Defense]{mechanic:defense} one [stage]{mechanic:stage}.
140,Has a $effect_chance% chance to raise the user's Attack by one stage.,Inflicts [regular damage]{mechanic:regular-damage}. Has a $effect_chance% chance to raise the user's [Attack]{mechanic:attack} one [stage]{mechanic:stage}.
141,Has a $effect_chance% chance to raise all of the user's stats by one stage.,Inflicts [regular damage]{mechanic:regular-damage}. Has a $effect_chance% chance to raise all of the user's stats one [stage]{mechanic:stage}.
143,User pays half its max HP to max out its Attack.,"User pays half its max [HP]{mechanic:hp} to raise its [Attack]{mechanic:attack} to +6 [stages]{mechanic:stage}. If the user cannot pay the [HP]{mechanic:hp} cost, this move will [fail]{mechanic:fail}."
144,Discards the user's stat changes and copies the target's.,Discards the user's [stat changes]{mechanic:stat-changes} and copies the target's.
145,Inflicts twice the damage the user received from the last special hit it took.,"Targets the last opposing Pokémon to hit the user with a [special]{mechanic:special} move this turn. Inflicts twice the damage that move did to the user. If there is no eligible target, this move will [fail]{mechanic:fail}. Type immunity applies, but other type effects are ignored."
146,Raises the user's Defense by one stage. User charges for one turn before attacking.,Inflicts [regular damage]{mechanic:regular-damage}. Raises the user's [Defense]{mechanic:defense} by one [stage]{mechanic:stage}. User then charges for one turn before attacking.
147,Has a $effect_chance% chance to make the target flinch.,Inflicts [regular damage]{mechanic:regular-damage}. Has a $effect_chance% chance to make each target [flinch]{mechanic:flinch}.
148,Inflicts regular damage and can hit Dig users.,Inflicts [regular damage]{mechanic:regular-damage}.
149,Hits the target two turns later.,"Inflicts [typeless]{mechanic:typeless} [regular damage]{mechanic:regular-damage} at the end of the third turn, starting with this one. This move cannot score a [critical hit]{mechanic:critical-hit}. If the target [switches out]{mechanic:switches-out}, its replacement will be hit instead. Damage is calculated at the time this move is used"
150,Inflicts regular damage and can hit Pokémon in the air.,Inflicts [regular damage]{mechanic:regular-damage}.
151,Has a $effect_chance% chance to make the target flinch.,Inflicts [regular damage]{mechanic:regular-damage}. Has a $effect_chance% chance to make the target [flinch]{mechanic:flinch}.
152,Requires a turn to charge before attacking.,Inflicts [regular damage]{mechanic:regular-damage}. User charges for one turn before attacking.
153,Has a $effect_chance% chance to paralyze the target.,Inflicts [regular damage]{mechanic:regular-damage}. Has a $effect_chance% chance to [paralyze]{mechanic:paralyze} the target.
154,Immediately ends wild battles. No effect otherwise.,Does nothing. Wild battles end immediately.
155,Hits once for every conscious Pokémon the trainer has.,"Inflicts [typeless]{mechanic:typeless} [regular damage]{mechanic:regular-damage}. Every Pokémon in the user's party, excepting those that have fainted or have a [major status effect]{mechanic:major-status-effect}, attacks the target. Calculated stats are ignored"
156,User flies high into the air,"dodging all attacks, and hits next turn."",""Inflicts [regular damage]{mechanic:regular-damage}. User flies high into the air for one turn, becoming immune to attack, and hits on the second turn."
157,Raises user's Defense by one stage.,Raises user's [Defense]{mechanic:defense} by one [stage]{mechanic:stage}.
159,Can only be used as the first move after the user enters battle. Causes the target to flinch.,Inflicts [regular damage]{mechanic:regular-damage}. Causes the target to []{mechanic:flinch}. Can only be used on the user's first turn after entering the [field]{mechanic:field}.
160,Forced to use this move for several turns. Pokémon cannot fall asleep in that time.,"Inflicts [regular damage]{mechanic:regular-damage}. User is forced to use this move for 2–5 turns, selected at random. All Pokémon on the [field]{mechanic:field} wake up, and none can fall to [sleep]{mechanic:sleep} until the lock-in ends."
161,Stores energy up to three times for use with Spit Up and Swallow.,"Raises the user's [Defense]{mechanic:defense} and [Special Defense]{mechanic:special-defense} by one [stage]{mechanic:stage} each. Stores energy for use with []{move:spit-up} and []{move:swallow}. Up to three levels of energy can be stored, and all are lost if the user leaves the [field]{mechanic:field}. Energy is still stored even if the stat boosts cannot be applied."
162,Power is 100 times the amount of energy Stockpiled.,"Inflicts [regular damage]{mechanic:regular-damage}. Power is equal to 100 times the amount of energy stored by []{move:stockpile}. Ignores the random factor in the damage formula. Stored energy is consumed, and the user's [Defense]{mechanic:defense} and [Special Defense]{mechanic:special-defense} are reset to what they would be if []{move:stockpile} had not been used. If the user has no energy stored, this move will [fail]{mechanic:fail}."
163,Recovers 1/4 HP after one Stockpile,"1/2 HP after two Stockpiles, or full HP after three Stockpiles."",""Heals the user depending on the amount of energy stored by []{move:stockpile}: 1/4 its max [HP]{mechanic:hp} after one use, 1/2 its max [HP]{mechanic:hp} after two uses, or fully after three uses. Stored energy is consumed, and the user's [Defense]{mechanic:defense} and [Special Defense]{mechanic:special-defense} are reset to what they would be if []{move:stockpile} had not been used. If the user has no energy stored, this move will [fail]{mechanic:fail}."
165,Changes the weather to a hailstorm for five turns.,"Changes the weather to hail for five turns, during which non-[]{type:ice} Pokémon are damaged for 1/16 their max [HP]{mechanic:hp} at the end of every turn."
166,Prevents the target from using the same move twice in a row.,"Prevents the target from attempting to use the same move twice in a row. When the target leaves the [field]{mechanic:field}, this effect ends."
167,Raises the target's Special Attack by one stage and confuses the target.,"Raises the target's [Special Attack]{mechanic:special-attack} by one [stage]{mechanic:stage}, then [confuses]{mechanic:confuses} it."
168,Burns the target.,[Burns]{mechanic:burns} the target.
169,Lowers the target's Attack and Special Attack by two stages. User faints.,Lowers the target's [Attack]{mechanic:attack} and [Special Attack]{mechanic:special-attack} by two [stages]{mechanic:stage}. User faints.
170,Power doubles if user is burned,"paralyzed, or poisoned."",""Inflicts [regular damage]{mechanic:regular-damage}. If the user is [burned]{mechanic:burned}, [paralyzed]{mechanic:paralyzed}, or [poisoned]{mechanic:poisoned}, this move has double power."
171,If the user takes damage before attacking,"the attack is canceled."",""Inflicts [regular damage]{mechanic:regular-damage}. If the user takes damage this turn before hitting, this move will [fail]{mechanic:fail}."
172,If the target is paralyzed,"inflicts double damage and cures the paralysis."",""Inflicts [regular damage]{mechanic:regular-damage}. If the target is [paralyzed]{mechanic:paralyzed}, this move has double power, and the target is cured of its [paralysis]{mechanic:paralysis}."
173,Redirects the target's single-target effects to the user for this turn.,"Until the end of this turn, any moves that opposing Pokémon target solely at the user's ally will instead target the user. If both Pokémon on the same side of the [field]{mechanic:field} use this move on the same turn, the Pokémon that uses it last will become the target."
174,Uses a move which depends upon the terrain.,Uses another move chosen according to the terrain.
175,Raises the user's Special Defense by one stage. User's Electric moves have doubled power next turn.,"Raises the user's [Special Defense]{mechanic:special-defense} by one [stage]{mechanic:stage}. If the user uses an []{type:electric} move next turn, its power will be doubled."
176,For the next few turns,"the target can only use damaging moves."",""Target is forced to only use damaging moves for the next 3–5 turns, selected at random. Moves that select other moves not known in advance do not count as damaging."
177,Ally's next move inflicts half more damage.,Boosts the power of the target's moves by 50% until the end of this turn.
178,User and target swap items.,"User and target permanently swap [held item]{mechanic:held-item}s. Works even if one of the Pokémon isn't holding anything. If either Pokémon is holding mail, this move will [fail]{mechanic:fail}."
179,Copies the target's ability.,User's ability is replaced with the target's until the user leaves the [field]{mechanic:field}. Ignores [accuracy]{mechanic:accuracy} and [evasion]{mechanic:evasion} modifiers.
180,User will recover half its max HP at the end of the next turn.,"At the end of the next turn, user will be healed for half its max [HP]{mechanic:hp}. If the user is [switched out]{mechanic:switched-out}, its replacement will be healed instead for half of the user's max HP. If the user [faint]{mechanic:faint}s or is forcefully switched by []{move:roar} or []{move:whirlwind}, this effect will not activate."
181,Randomly selects and uses one of the trainer's other Pokémon's moves.,"Uses a move from another Pokémon in the user's party, both selected at random. Moves from fainted Pokémon can be used. If there are no eligible Pokémon or moves, this move will [fail]{mechanic:fail}."
182,Prevents the user from leaving battle. User regains 1/16 of its max HP every turn.,"Prevents the user from [switching out]{mechanic:switching-out}. User regains 1/16 of its max [HP]{mechanic:hp} at the end of every turn. If the user was immune to []{type:ground} attacks, it will now take normal damage from them."
183,Lowers the user's Attack and Defense by one stage after inflicting damage.,"Inflicts [regular damage]{mechanic:regular-damage}, then lowers the user's [Attack]{mechanic:attack} and [Defense]{mechanic:defense} by one [stage]{mechanic:stage} each."
184,Reflects back the first effect move used on the user this turn.,"The first non-damaging move targeting the user this turn that inflicts [major status effect]{mechanic:major-status-effect}s, [stat change]{mechanic:stat-change}s, or [trap]{mechanic:trap}ping effects will be reflected at its user."
185,User recovers the item it last used up.,"User recovers the last item consumed by the user or a Pokémon in its position on the [field]{mechanic:field}. The item must be used again before it can be recovered by this move again. If the user is holding an item, this move [fail]{mechanic:fail}s."
186,Inflicts double damage if the user takes damage before attacking this turn.,"Inflicts [regular damage]{mechanic:regular-damage}. If the target damaged the user this turn and was the last to do so, this move has double power."
187,Destroys Reflect and Light Screen.,"Destroys any []{move:light-screen} or []{move:reflect} on the target's side of the [field]{mechanic:field}, then inflicts [regular damage]{mechanic:regular-damage}."
188,Target sleeps at the end of the next turn.,"Puts the target to [sleep]{mechanic:sleep} at the end of the next turn. Ignores [accuracy]{mechanic:accuracy} and [evasion]{mechanic:evasion} modifiers. If the target leaves the [field]{mechanic:field}, this effect is canceled. If the target has a status effect when this move is used, this move will [fail]{mechanic:fail}."
189,Target drops its held item.,Inflicts [regular damage]{mechanic:regular-damage}. Target loses its [held item]{mechanic:held-item}.
190,Lowers the target's HP to equal the user's.,"Inflicts exactly enough damage to lower the target's [HP]{mechanic:hp} to equal the user's. If the target's HP is not higher than the user's, this move has no effect. Type immunity applies, but other type effects are ignored. This effect counts as damage for moves that respond to damage."
191,Inflicts more damage when the user has more HP remaining,"with a maximum of 150 power."",""Inflicts [regular damage]{mechanic:regular-damage}. Power increases with the user's remaining [HP]{mechanic:hp} and is given by `150 * HP / max HP`, to a maximum of 150 when the user has full HP."
192,User and target swap abilities.,User and target switch abilities. Ignores [accuracy]{mechanic:accuracy} and [evasion]{mechanic:evasion} modifiers.
193,Prevents the target from using any moves that the user also knows.,Prevents any Pokémon on the opposing side of the [field]{mechanic:field} from using any move the user knows until the user leaves the [field]{mechanic:field}. This effect is live
194,Cleanses the user of a burn,"paralysis, or poison."",""Removes a [burn]{mechanic:burn}, [paralysis]{mechanic:paralysis}, or [poison]{mechanic:poison} from the user."
195,If the user faints this turn,"the PP of the move that fainted it drops to 0."",""If the user [faint]{mechanic:faint}s before it next acts, the move that fainted it will have its [PP]{mechanic:pp} dropped to 0. End-of-turn damage does not trigger this effect."
196,Steals the target's move,"if it's self-targeted."",""The next time a Pokémon uses a beneficial move on itself or itself and its ally this turn, the user of this move will steal the move and use it itself. Moves which may be stolen by this move are identified by the """"snatchable"""" flag."
197,Inflicts more damage to heavier targets,"with a maximum of 120 power."",""Inflicts [regular damage]{mechanic:regular-damage}. Power increases with the target's weight in kilograms, to a maximum of 120."
198,Has a $effect_chance% chance to inflict a status effect which depends upon the terrain.,Inflicts [regular damage]{mechanic:regular-damage}. Has a $effect_chance% chance to inflict an effect chosen according to the terrain.
199,User receives 1/3 the damage inflicted in recoil.,"Inflicts [regular damage]{mechanic:regular-damage}. User takes 1/3 the damage it inflicts in recoil. 200,Confuses the target.,[Confuse]{mechanic:confuse}s all targets. 201,Has an increased chance for a critical hit and a $effect_chance% chance to [burn]{mechanic:burn} the target.,Inflicts [regular damage]{mechanic:regular-damage}. User's [critical hit]{mechanic:critical-hit} rate is one level higher when using this move. Has a $effect_chance% chance to [burn]{mechanic:burn} the target. 202,Halves all Electric-type damage.,[]{type:electric} moves inflict half damage, regardless of target. If the user leaves the [field]{mechanic:field}, this effect ends."
203,Has a $effect_chance% chance to badly poison the target.,Inflicts [regular damage]{mechanic:regular-damage}. Has a $effect_chance% chance to [badly poison]{mechanic:badly-poison} the target.
204,If there be weather,"this move has doubled power and the weather's type."",""Inflicts [regular damage]{mechanic:regular-damage}. If a weather move is active, this move has double power, and its type becomes the type of the weather move. []{move:shadow-sky} is typeless for the purposes of this move."
205,Lowers the user's Special Attack by two stages after inflicting damage.,"Inflicts [regular damage]{mechanic:regular-damage}, then lowers the user's [Special Attack]{mechanic:special-attack} by two [stages]{mechanic:stage}."
206,Lowers the target's Attack and Defense by one stage.,Lowers the target's [Attack]{mechanic:attack} and [Defense]{mechanic:defense} by one [stage]{mechanic:stage}.
207,Raises the user's Defense and Special Defense by one stage.,Raises the user's [Defense]{mechanic:defense} and [Special Defense]{mechanic:special-defense} by one [stage]{mechanic:stage}.
208,Inflicts regular damage and can hit Bounce and Fly users.,Inflicts [regular damage]{mechanic:regular-damage}.
209,Raises the user's Attack and Defense by one stage.,Raises the user's [Attack]{mechanic:attack} and [Defense]{mechanic:defense} by one [stage]{mechanic:stage} each.
210,Has an increased chance for a critical hit and a $effect_chance% chance to poison the target.,Inflicts [regular damage]{mechanic:regular-damage}. User's [critical hit]{mechanic:critical-hit} rate is one level higher when using this move. Has a $effect_chance% chance to [poison]{mechanic:poison} the target.
211,Halves all Fire-type damage.,"[]{type:fire} moves inflict half damage, regardless of target. If the user leaves the [field]{mechanic:field}, this effect ends."
212,Raises the user's Special Attack and Special Defense by one stage.,Raises the user's [Special Attack]{mechanic:special-attack} and [Special Defense]{mechanic:special-defense} by one [stage]{mechanic:stage} each.
213,Raises the user's Attack and Speed by one stage.,Raises the user's [Attack]{mechanic:attack} and [Speed]{mechanic:speed} by one [stage]{mechanic:stage} each.
214,User's type changes to match the terrain.,User's type changes according to the terrain.
215,Heals the user by half its max HP.,"Heals the user for half its max [HP]{mechanic:hp}. If the user is []{type:flying}, its []{type:flying} type is ignored until the end of this turn."
216,Disables moves and immunities that involve flying or levitating for five turns.,"For five turns (including this one), all immunities to []{type:ground} moves are disabled. For the duration of this effect, the [evasion]{mechanic:evasion} of every Pokémon on the field is lowered by two [stages]{mechanic:stage}. Cancels the effects of []{move:bounce}, []{move:fly}, and []{move:sky-drop}."
217,Forces the target to have no evasion,"and allows it to be hit by Psychic moves even if it's Dark."",Resets the target's [evasion]{mechanic:evasion} to normal and prevents any further boosting until the target leaves the [field]{mechanic:field}. A []{type:dark} Pokémon under this effect takes normal damage from []{type:psychic} moves. This move itself ignores [accuracy]{mechanic:accuracy} and [evasion]{mechanic:evasion} modifiers."
218,If the target is asleep,"has double power and wakes it up."",""Inflicts [regular damage]{mechanic:regular-damage}. If the target is [sleep]{mechanic:sleep}ing, this move has double power, and the target wakes up."
219,Lowers user's Speed by one stage.,"Inflicts [regular damage]{mechanic:regular-damage}, then lowers the user's [Speed]{mechanic:speed} by one [stage]{mechanic:stage}."
220,Power raises when the user has lower Speed,"up to a maximum of 150."",""Inflicts [regular damage]{mechanic:regular-damage}. Power increases with the target's current [Speed]{mechanic:speed} compared to the user, given by `1 + 25 * target Speed / user Speed`, capped at 150."
221,User faints. Its replacement has its HP fully restored and any major status effect removed.,"User faints. Its replacement's [HP]{mechanic:hp} is fully restored, and any [major status effect]{mechanic:major-status-effect} is removed. If the replacement Pokémon is immediately fainted by a switch-in effect, the next replacement is healed by this move instead."
222,Has double power against Pokémon that have less than half their max HP remaining.,"Inflicts [regular damage]{mechanic:regular-damage}. If the target has less than half its max [HP]{mechanic:hp} remaining, this move has double power."
223,Power and type depend on the held berry.,"Inflicts [regular damage]{mechanic:regular-damage}. Power and type are determined by the user's held berry. The berry is consumed. If the user is not holding a berry, this move will [fail]{mechanic:fail}."
224,Hits through Protect and Detect.,Inflicts [regular damage]{mechanic:regular-damage}. Removes the effects of []{move:detect} or []{move:protect} from the target before hitting.
225,If target has a berry,"inflicts double damage and uses the berry."",""Inflicts [regular damage]{mechanic:regular-damage}. If the target is holding a berry, this move has double power, and the user takes the berry and uses it immediately."
226,For three turns,"friendly Pokémon have doubled Speed."",""For the next three turns, all Pokémon on the user's side of the [field]{mechanic:field} have their original [Speed]{mechanic:speed} doubled. This effect remains if the user leaves the [field]{mechanic:field}."
227,Raises one of a friendly Pokémon's stats at random by two stages.,"Raises one of the target's stats by two [stages]{mechanic:stage}. The raised stat is chosen at random from any stats that can be raised by two stages. If no stat is eligible, this move will [fail]{mechanic:fail}."
228,Strikes back at the last Pokémon to hit the user this turn with 1.5× the damage.,"Targets the last opposing Pokémon to hit the user with a damaging move this turn. Inflicts 1.5× the damage that move did to the user. If there is no eligible target, this move will [fail]{mechanic:fail}. Type immunity applies, but other type effects are ignored."
229,User must switch out after attacking.,"Inflicts [regular damage]{mechanic:regular-damage}, then the user immediately [switches out]{mechanic:switches-out}, and the trainer selects a replacement Pokémon from the party. If the target [faint]{mechanic:faint}s from this attack, the user's trainer selects the new Pokémon to send out first. If the user is the last Pokémon in its party that can battle, it will not [switch out]{mechanic:switch-out}."
230,Lowers the user's Defense and Special Defense by one stage after inflicting damage.,"Inflicts [regular damage]{mechanic:regular-damage}, then lowers the user's [Defense]{mechanic:defense} and [Special Defense]{mechanic:special-defense} by one [stage]{mechanic:stage} each."
231,Power is doubled if the target has already moved this turn.,"Inflicts [regular damage]{mechanic:regular-damage}. If the target uses a move or [switches out]{mechanic:switches-out} this turn before this move is used, this move has double power."
232,Power is doubled if the target has already received damage this turn.,"Inflicts [regular damage]{mechanic:regular-damage}. If the target takes damage this turn for any reason before this move is used, this move has double power."
233,Target cannot use held items.,"Target cannot use its held item for five turns. If the target leaves the [field]{mechanic:field}, this effect ends."
234,"Throws held item at the target;"" power depends on the item.","Inflicts [regular damage]{mechanic:regular-damage}. Power and type are determined by the user's [held item]{mechanic:held-item}. The item is consumed. If the user is not holding an item, or its item has no set type and power, this move will [fail]{mechanic:fail}."""
235,Transfers the user's major status effect to the target.,"If the user has a [major status effect]{mechanic:major-status-effect} and the target does not, the user's status is transferred to the target."
236,Power increases when this move has less PP,"up to a maximum of 200."",""Inflicts [regular damage]{mechanic:regular-damage}. Power is determined by the [PP]{mechanic:pp} remaining for this move, after its [PP]{mechanic:pp} cost is deducted. Ignores [accuracy]{mechanic:accuracy} and [evasion]{mechanic:evasion} modifiers."
237,Prevents target from restoring its HP for five turns.,"For the next five turns, the target may not use any moves that only restore [HP]{mechanic:hp}, and move effects that heal the target are disabled. Moves that steal [HP]{mechanic:hp} may still be used, but will only inflict damage and not heal the target."
238,Power increases against targets with more HP remaining,"up to a maximum of 121 power."",""Inflicts [regular damage]{mechanic:regular-damage}. Power directly relates to the target's relative remaining [HP]{mechanic:hp}, given by `1 + 120 * current HP / max HP`, to a maximum of 121."
239,User swaps Attack and Defense.,The user's original [Attack]{mechanic:attack} and [Defense]{mechanic:defense} are swapped.
240,Nullifies target's ability until it leaves battle.,The target's ability is disabled as long as it remains on the [field]{mechanic:field}.
241,Prevents the target from scoring critical hits for five turns.,"For five turns, opposing Pokémon cannot score [critical hits]{mechanic:critical-hit}."
242,Uses the target's move against it before it attacks,"with power increased by half."",""If the target has selected a damaging move this turn, the user will copy that move and use it against the target, with a 50% increase in power."
243,Uses the target's last used move.,"Uses the last move that was used successfully by any Pokémon, including the user."
244,User swaps Attack and Special Attack changes with the target.,User swaps its [Attack]{mechanic:attack} and [Special Attack]{mechanic:special-attack} [stat modifiers]{mechanic:stat-modifiers} modifiers with the target.
245,User swaps Defense and Special Defense changes with the target.,User swaps its [Defense]{mechanic:defense} and [Special Defense]{mechanic:special-defense} modifiers with the target.
246,Power increases against targets with more raised stats,"up to a maximum of 200."",""Inflicts [regular damage]{mechanic:regular-damage}. Power starts at 60 and is increased by 20 for every [stage]{mechanic:stage} any of the target's stats has been raised, capping at 200. [Accuracy]{mechanic:accuracy} and [evasion]{mechanic:evasion} modifiers do not increase this move's power."
247,Can only be used after all of the user's other moves have been used.,"Inflicts [regular damage]{mechanic:regular-damage}. This move can only be used if each of the user's other moves has been used at least once since the user entered the [field]{mechanic:field}. If this is the user's only move, this move will [fail]{mechanic:fail}."
248,Changes the target's ability to Insomnia.,Changes the target's ability to []{ability:insomnia}.
249,Only works if the target is about to use a damaging move.,"Inflicts [regular damage]{mechanic:regular-damage}. If the target has not selected a damaging move this turn, or if the target has already acted this turn, this move will [fail]{mechanic:fail}."
250,Scatters poisoned spikes,"poisoning opposing Pokémon that switch in."",""Scatters poisoned spikes around the opposing [field]{mechanic:field}, which [poison]{mechanic:poison} opposing Pokémon that enter the [field]{mechanic:field}. A second layer of these spikes may be laid down, in which case Pokémon will be [badly poison]{mechanic:badly-poison}ed instead. Pokémon immune to either []{type:ground} moves or being [poison]{mechanic:poison}ed are immune to this effect. Pokémon otherwise immune to []{type:ground} moves are affected during []{move:gravity}."
251,User and target swap stat changes.,User swaps its [stat modifiers]{mechanic:stat-modifiers} with the target.
252,Restores 1/16 of the user's max HP each turn.,"Restores 1/16 of the user's max [HP]{mechanic:hp} at the end of each turn. If the user leaves the [field]{mechanic:field}, this effect ends."
253,User is immune to Ground moves and effects for five turns.,"For five turns, the user is immune to []{type:ground} moves."
254,User takes 1/3 the damage inflicted in recoil. Has a $effect_chance% chance to [burn]{mechanic:burn} the target.,"Inflicts [regular damage]{mechanic:regular-damage}. User takes 1/3 the damage it inflicts in recoil. Has a $effect_chance% chance to [burn]{mechanic:burn} the target. [Frozen]{mechanic:frozen} Pokémon may use this move, in which case they will thaw."
255,User takes 1/4 its max HP in recoil.,Inflicts [typeless]{mechanic:typeless} [regular damage]{mechanic:regular-damage}. User takes 1/4 its max [HP]{mechanic:hp} in recoil. Ignores [accuracy]{mechanic:accuracy} and [evasion]{mechanic:evasion} modifiers.
256,User dives underwater,"dodging all attacks, and hits next turn."",""Inflicts [regular damage]{mechanic:regular-damage}. User dives underwater for one turn, becoming immune to attack, and hits on the second turn."
257,User digs underground,"dodging all attacks, and hits next turn."",""Inflicts [regular damage]{mechanic:regular-damage}. User digs underground for one turn, becoming immune to attack, and hits on the second turn."
258,Inflicts regular damage and can hit Dive users.,Inflicts [regular damage]{mechanic:regular-damage}.
259,Lowers the target's evasion by one stage. Removes field effects from the enemy field.,"Lowers the target's [evasion]{mechanic:evasion} by one [stage]{mechanic:stage}. Clears away fog. Removes the effects of []{move:mist}, []{move:light-screen}, []{move:reflect}, []{move:safeguard}, []{move:spikes}, []{move:stealth-rock}, and []{move:toxic-spikes} from the target's side of the [field]{mechanic:field}."
260,For five turns,"slower Pokémon will act before faster Pokémon."",""For five turns (including this one), slower Pokémon will act before faster Pokémon. Move priority is not affected. Using this move when its effect is already active will end the effect."
261,Has a $effect_chance% chance to freeze the target.,Inflicts [regular damage]{mechanic:regular-damage}. Has a $effect_chance% chance to [freeze]{mechanic:freeze} the target.
262,Prevents the target from leaving battle and inflicts 1/16 its max HP in damage for 2-5 turns.,"Inflicts [regular damage]{mechanic:regular-damage}. For the next 2–5 turns, the target cannot leave the field and is damaged for 1/16 its max HP at the end of each turn. The user continues to use other moves during this time. If the user leaves the [field]{mechanic:field}, this effect ends."
263,User takes 1/3 the damage inflicted in recoil. Has a $effect_chance% chance to paralyze the target.,Inflicts [regular damage]{mechanic:regular-damage}. User takes 1/3 the damage it inflicts in recoil. Has a $effect_chance% chance to [paralyze]{mechanic:paralyze} the target.
264,User bounces high into the air,"dodging all attacks, and hits next turn."",""Inflicts [regular damage]{mechanic:regular-damage}. User bounces high into the air for one turn, becoming immune to attack, and hits on the second turn. Has a $effect_chance% chance to [paralyze]{mechanic:paralyze} the target."
266,Lowers the target's Special Attack by two stages if it's the opposite gender.,"Lowers the target's [Special Attack]{mechanic:special-attack} by two [stages]{mechanic:stage}. If the user and target are the same gender, or either is genderless, this move will [fail]{mechanic:fail}."
267,Causes damage when opposing Pokémon switch in.,"Spreads sharp rocks around the opposing [field]{mechanic:field}, damaging any Pokémon that enters the [field]{mechanic:field} for 1/8 its max [HP]{mechanic:hp}. This damage is affected by the entering Pokémon's susceptibility to []{type:rock} moves."
268,Has a higher chance to confuse the target when the recorded sound is louder.,"Inflicts [regular damage]{mechanic:regular-damage}. Has either a 1%, 11%, or 31% chance to [confuse]{mechanic:confuse} the target, based on the volume of the recording made for this move"
269,If the user is holding a appropriate plate or drive,"the damage inflicted will match it."",""Inflicts [regular damage]{mechanic:regular-damage}. If the user is holding a plate or a drive, this move's type is the type corresponding to that item."
270,User receives 1/2 the damage inflicted in recoil.,Inflicts [regular damage]{mechanic:regular-damage}. User takes 1/2 the damage it inflicts in recoil.
271,User faints,"and its replacement is fully healed."",""User [faint]{mechanic:faint}s. Its replacement's [HP]{mechanic:hp} and [PP]{mechanic:pp} are fully restored, and any [major status effect]{mechanic:major-status-effect} is removed."
272,Has a $effect_chance% chance to lower the target's Special Defense by two stages.,Inflicts [regular damage]{mechanic:regular-damage}. Has a $effect_chance% chance to lower the target's [Special Defense]{mechanic:special-defense} by two [stages]{mechanic:stage}.
273,User vanishes,"dodging all attacks, and hits next turn. Hits through Protect and Detect."",""Inflicts [regular damage]{mechanic:regular-damage}. User vanishes for one turn, becoming immune to attack, and hits on the second turn."
274,Has a $effect_chance% chance to [burn]{mechanic:burn} the target and a $effect_chance% chance to make the target flinch.,Inflicts [regular damage]{mechanic:regular-damage}. Has a $effect_chance% chance to [burn]{mechanic:burn} the target and a separate $effect_chance% chance to make the target [flinch]{mechanic:flinch}.
275,Has a $effect_chance% chance to freeze the target and a $effect_chance% chance to make the target flinch.,Inflicts [regular damage]{mechanic:regular-damage}. Has a $effect_chance% chance to [freeze]{mechanic:freeze} the target and a separate $effect_chance% chance to make the target [flinch]{mechanic:flinch}.
276,Has a $effect_chance% chance to paralyze the target and a $effect_chance% chance to make the target flinch.,Inflicts [regular damage]{mechanic:regular-damage}. Has a $effect_chance% chance to [paralyze]{mechanic:paralyze} the target and a separate $effect_chance% chance to make the target [flinch]{mechanic:flinch}.
277,Has a $effect_chance% chance to raise the user's Special Attack by one stage.,Inflicts [regular damage]{mechanic:regular-damage}. Has a $effect_chance% chance to raise the user's [Special Attack]{mechanic:special-attack} by one [stage]{mechanic:stage}.
278,Raises the user's Attack and accuracy by one stage.,Raises the user's [Attack]{mechanic:attack} and [accuracy]{mechanic:accuracy} by one [stage]{mechanic:stage}.
279,Prevents any multi-target moves from hitting friendly Pokémon this turn.,"Moves with multiple targets will not hit friendly Pokémon for the remainder of this turn. If the user is last to act this turn, this move will [fail]{mechanic:fail}."
280,Averages Defense and Special Defense with the target.,Averages the user's unmodified [Defense]{mechanic:defense} with the target's unmodified Defense
281,Averages Attack and Special Attack with the target.,Averages the user's unmodified [Attack]{mechanic:attack} with the target's unmodified Attack
282,All Pokémon's Defense and Special Defense are swapped for 5 turns.,"For five turns (including this one), every Pokémon's [Defense]{mechanic:defense} and [Special Defense]{mechanic:special-defense} are swapped."
283,Inflicts damage based on the target's Defense,"not Special Defense."",""Inflicts [regular damage]{mechanic:regular-damage}. Damage calculation always uses the target's [Defense]{mechanic:defense}, regardless of this move's damage class."
284,Inflicts double damage if the target is Poisoned.,"Inflicts [regular damage]{mechanic:regular-damage}. If the target is [poisoned]{mechanic:poisoned}, this move has double power."
285,Raises the user's Speed by two stages and halves the user's weight.,Raises the user's [Speed]{mechanic:speed} by two [stages]{mechanic:stage}. Halves the user's weight
286,Moves have 100% accuracy against the target for three turns.,"For three turns (including this one), moves used against the target have 100% [accuracy]{mechanic:accuracy}, but the target is immune to []{type:ground} damage. Accuracy of one-hit KO moves is exempt from this effect."
287,Negates held items for five turns.,"For five turns (including this one), passive effects of held items are ignored, and Pokémon will not use their held items."
288,Removes any immunity to Ground damage.,"Inflicts [regular damage]{mechanic:regular-damage}. Removes the target's [immunity]{mechanic:immune} to []{type:ground}-type damage. This effect removes any existing Ground immunity due to []{ability:levitate}, []{move:magnet-rise}, or []{move:telekinesis}, and causes the target's []{type:flying} type to be ignored when it takes Ground damage."
289,Always scores a critical hit.,Inflicts [regular damage]{mechanic:regular-damage}. Always scores a [critical hit]{mechanic:critical-hit}.
290,Deals splash damage to Pokémon next to the target.,"Inflicts [regular damage]{mechanic:regular-damage}. If this move successfully hits the target, any Pokémon adjacent to the target are damaged for 1/16 their max [HP]{mechanic:hp}."
291,Raises the user's Special Attack,"Special Defense, and Speed by one stage each."",""Raises the user's [Special Attack]{mechanic:special-attack}, [Special Defense]{mechanic:special-defense}, and [Speed]{mechanic:speed} by one [stage]{mechanic:stage} each."
292,Power is higher when the user weighs more than the target,"up to a maximum of 120."",""Inflicts [regular damage]{mechanic:regular-damage}. The greater the user's weight compared to the target's, the higher power this move has, to a maximum of 120."
293,Hits any Pokémon that shares a type with the user.,"Inflicts [regular damage]{mechanic:regular-damage}. Only Pokémon that share a type with the user will take damage from this move. 294,Power is higher when the user has greater Speed than the target, up to a maximum of 150."",""Inflicts [regular damage]{mechanic:regular-damage}. The greater the user's [Speed]{mechanic:speed} compared to the target's, the higher power this move has, to a maximum of 150."
295,Changes the target's type to Water.,"Changes the target to pure []{type:water}-type until it leaves the field. If the target has []{ability:multitype}, this move will [fail]{mechanic:fail}."
296,Inflicts regular damage. Raises the user's Speed by one stage.,Inflicts [regular damage]{mechanic:regular-damage}. Raises the user's [Speed]{mechanic:speed} by one [stage]{mechanic:stage}.
297,Lowers the target's Special Defense by two stages.,Inflicts [regular damage]{mechanic:regular-damage}. Lowers the target's [Special Defense]{mechanic:special-defense} by two [stages]{mechanic:stage}.
298,Calculates damage with the target's attacking stat.,Inflicts [regular damage]{mechanic:regular-damage}. Damage is calculated using the target's attacking stat rather than the user's.
299,Changes the target's ability to Simple.,Changes the target's ability to []{ability:simple}.
300,Copies the user's ability onto the target.,Changes the target's ability to match the user's. This effect ends when the target leaves battle.
301,Makes the target act next this turn.,"The target will act next this turn, regardless of [Speed]{mechanic:speed} or move priority."
302,Has double power if it's used more than once per turn.,"Inflicts [regular damage]{mechanic:regular-damage}. If []{move:round} has already been used this turn, this move's power is doubled. After this move is used, any other Pokémon using it this turn will immediately do so (in the order they would otherwise act), regardless of [Speed]{mechanic:speed} or priority. Pokémon using other moves will then continue to act as usual."
303,Power increases by 100% for each consecutive use by any friendly Pokémon,"to a maximum of 200."",""Inflicts [regular damage]{mechanic:regular-damage}. If any friendly Pokémon used this move earlier this turn or on the previous turn, that use's power is added to this move's power, to a maximum of 200."
304,Ignores the target's stat modifiers.,"Inflicts [regular damage]{mechanic:regular-damage}. Damage calculation ignores the target's [stat modifiers]{mechanic:stat-modifiers}, including [evasion]{mechanic:evasion}."
305,Removes all of the target's stat modifiers.,Inflicts [regular damage]{mechanic:regular-damage}. All of the target's [stat modifiers]{mechanic:stat-modifiers} are reset to zero.
306,Power is higher the more the user's stats have been raised,"to a maximum of 31×."",""Inflicts [regular damage]{mechanic:regular-damage}. Power is increased by 100% its original value for every [stage]{mechanic:stage} any of the user's stats have been raised. [Accuracy]{mechanic:accuracy}, [evasion]{mechanic:evasion}, and lowered stats do not affect this move's power. For a Pokémon with all five stats modified to +6, this move's power is 31×."
307,Prevents any priority moves from hitting friendly Pokémon this turn.,"Moves with priority greater than 0 will not hit friendly Pokémon for the remainder of this turn. If the user is last to act this turn, this move will [fail]{mechanic:fail}."
308,User switches places with the friendly Pokémon opposite it.,"User switches position on the field with the friendly Pokémon opposite it. If the user is in the middle position in a triple battle, or there are no other friendly Pokémon, this move will [fail]{mechanic:fail}."
309,Raises user's Attack,"Special Attack, and Speed by two stages. Lower user's Defense and Special Defense by one stage."",""Raises the user's [Attack]{mechanic:attack}, [Special Attack]{mechanic:special-attack}, and [Speed]{mechanic:speed} by two [stages]{mechanic:stage} each. Lowers the user's [Defense]{mechanic:defense} and [Special Defense]{mechanic:special-defense} by one []{mechanic:stage} each."
310,Heals the target for half its max HP.,Heals the target for half its max [HP]{mechanic:hp}.
311,Has double power if the target has a major status ailment.,"Inflicts [regular damage]{mechanic:regular-damage}. If the target has a [major status ailment]{mechanic:major-status-ailment}, this move has double power."
312,Carries the target high into the air,"dodging all attacks against either, and drops it next turn."",""Inflicts [regular damage]{mechanic:regular-damage}. User carries the target high into the air for one turn, during which no moves will hit either Pokémon and neither can act. On the following turn, the user drops the target, inflicting damage and ending the effect."
313,Raises the user's Attack by one stage and its Speed by two stages.,Raises the user's [Attack]{mechanic:attack} by one [stage]{mechanic:stage} and its [Speed]{mechanic:speed} by two stages.
314,Ends wild battles. Forces trainers to switch Pokémon.,"Inflicts [regular damage]{mechanic:regular-damage}, then [switches]{mechanic:switch-out} the target out for another of its trainer's Pokémon, selected at random."
315,Destroys the target's held berry.,"Inflicts [regular damage]{mechanic:regular-damage}. If the target is [holding]{mechanic:held-item} a [berry]{mechanic:berry}, it's destroyed and cannot be used in response to this move."
316,Makes the target act last this turn.,"Forces the target to act last this turn, regardless of [Speed]{mechanic:speed} or move [priority]{mechanic:priority}. If the target has already acted this turn, this move will [fail]{mechanic:fail}."
317,Raises the user's Attack and Special Attack by one stage.,"Raises the user's [Attack]{mechanic:attack} and [Special Attack]{mechanic:special-attack} by one [stage]{mechanic:stage} each. During []{move:sunny-day}, raises both stats by two stages."
318,Has double power if the user has no held item.,"Inflicts [regular damage]{mechanic:regular-damage}. If the user has no [held item]{mechanic:held-item}, this move has double power."
319,User becomes the target's type.,User's type changes to match the target's.
320,Has double power if a friendly Pokémon fainted last turn.,"Inflicts [regular damage]{mechanic:regular-damage}. If a friendly Pokémon fainted on the previous turn, this move has double power."
321,Inflicts damage equal to the user's remaining HP. User faints.,Inflicts damage equal to the user's remaining [HP]{mechanic:hp}. User faints.
322,Raises the user's Special Attack by three stages.,Raises the user's [Special Attack]{mechanic:special-attack} by three [stages]{mechanic:stage}.
323,Raises the user's Attack,"Defense, and accuracy by one stage each."",""Raises the user's [Attack]{mechanic:attack}, [Defense]{mechanic:defense}, and [accuracy]{mechanic:accuracy} by one [stage]{mechanic:stage} each."
324,Gives the user's held item to the target.,"Transfers the user's [held item]{mechanic:held-item} to the target. If the user has no held item, or the target already has a held item, this move will [fail]{mechanic:fail}."
325,With [Grass Pledge]{move:grass-pledge},"halves opposing Pokémon's Speed for four turns."",""Inflicts [regular damage]{mechanic:regular-damage}. If a friendly Pokémon used []{move:grass-pledge} earlier this turn, all opposing Pokémon have halved [Speed]{mechanic:speed} for four turns (including this one)."
326,With [Water Pledge]{move:water-pledge},"doubles the effect chance of friendly Pokémon's moves for four turns."",""Inflicts [regular damage]{mechanic:regular-damage}. If a friendly Pokémon used []{move:water-pledge} earlier this turn, moves used by any friendly Pokémon have doubled effect chance for four turns (including this one)."
327,With [Fire Pledge]{move:fire-pledge},"damages opposing Pokémon for 1/8 their max HP every turn for four turns."",""Inflicts [regular damage]{mechanic:regular-damage}. If a friendly Pokémon used []{move:fire-pledge} earlier this turn, all opposing Pokémon will take 1/8 their max [HP]{mechanic:hp} in damage at the end of every turn for four turns (including this one)."
328,Raises the user's Attack and Special Attack by one stage each.,Raises the user's [Attack]{mechanic:attack} and [Special Attack]{mechanic:special-attack} by one [stage]{mechanic:stage} each.
329,Raises the user's Defense by three stages.,Raises the user's [Defense]{mechanic:defense} by three [stages]{mechanic:stage}.
330,Has a $effect_chance% chance to put the target to sleep.,Inflicts [regular damage]{mechanic:regular-damage}. Has a $effect_chance% chance to put the target to [sleep]{mechanic:sleep}.
331,Lowers the target's Speed by one stage.,Inflicts [regular damage]{mechanic:regular-damage}. Lowers the target's [Speed]{mechanic:speed} by one [stage]{mechanic:stage}.
332,Requires a turn to charge before attacking. Has a $effect_chance% chance to paralyze the target.,Inflicts [regular damage]{mechanic:regular-damage}. Has a $effect_chance% chance to [paralyze]{mechanic:paralysis} the target. User charges for one turn before attacking.
333,Requires a turn to charge before attacking. Has a $effect_chance% chance to [burn]{mechanic:burn} the target.,Inflicts [regular damage]{mechanic:regular-damage}. Has a $effect_chance% chance to [burn]{mechanic:burn} the target. User charges for one turn before attacking.
334,Has a $effect_chance% chance to confuse the target.,Inflicts [regular damage]{mechanic:regular-damage}. Has a $effect_chance% chance to [confuse]{mechanic:confuse} the target.
335,Lowers the user's Defense,"Special Defense, and Speed by one stage each."",""Inflicts [regular damage]{mechanic:regular-damage}. Lowers the user's [Defense]{mechanic:defense}, [Special Defense]{mechanic:special-defense}, and [Speed]{mechanic:speed} by one [stage]{mechanic:stage} each."
336,With [Fusion Bolt]{move:fusion-bolt},"inflicts double damage."",""Inflicts [regular damage]{mechanic:regular-damage}. If a friendly Pokémon used []{move:fusion-bolt} earlier this turn, this move has double power."
337,With [Fusion Flare]{move:fusion-flare},"inflicts double damage."",""Inflicts [regular damage]{mechanic:regular-damage}. If a friendly Pokémon used []{move:fusion-flare} earlier this turn, this move has double power."
338,Deals both []{type:fighting} and []{type:flying}-type damage.,"Inflicts regular damage. For the purposes of type effectiveness, this move is both []{type:fighting}- and []{type:flying}-type: its final effectiveness is determined by multiplying the effectiveness of each type against each of the target's types."
339,Can only be used after the user has eaten a berry.,Inflicts regular damage. Can only be used if the user has eaten a berry since the beginning of the battle.
340,Raises the Attack and Special Attack of all []{type:grass} Pokémon in battle.,Raises the Attack and Special Attack of all []{type:grass} Pokémon in battle.
341,Covers the opposing field,"lowering opponents' Speed by one stage upon switching in."",""Shoots a web over the opponents' side of the field, which lowers the Speed of any opposing Pokémon that enters the field by one stage."
342,Raises the user's Attack by two stages if it KOs the target.,Inflicts regular damage. Raises the user's Attack by two stages if it KOs the target.
343,Adds []{type:ghost} to the target's types.,Adds []{type:ghost} to the target's types.
344,Lowers the target's Attack and Special Attack by one stage.,Lowers the target's Attack and Special Attack by one stage.
345,Changes all []{type:normal} moves to []{type:electric} moves for the rest of the turn.,Changes all Pokémon's []{type:normal} moves to []{type:electric} moves for the rest of the turn.
346,Heals the user for half the total damage dealt to all targets.,Heals the user for half the total damage dealt to all targets.
347,Lowers all targets' Attack and Special Attack by one stage. Makes the user switch out.,Lowers all targets' Attack and Special Attack by one stage. Makes the user switch out.
348,Inverts the target's stat modifiers.,Inverts the target's stat modifiers.
349,Drains 75% of the damage inflicted to heal the user.,Deals regular damage. Drains 75% of the damage inflicted to heal the user.
350,Protects all friendly Pokémon from non-damaging moves.,Protects all friendly Pokémon from non-damaging moves for the rest of the turn.
351,Raises the Defense of all []{type:grass} Pokémon in battle.,Raises the Defense of all []{type:grass} Pokémon in battle.
352,For five turns,"heals all Pokémon on the ground for 1/16 max HP each turn and strengthens their []{type:grass} moves to 1.5× their power."",""For five turns, heals all Pokémon on the ground for 1/16 their max HP each turn and strengthens their []{type:grass} moves to 1.5× their power."
353,For five turns,"protects all Pokémon on the ground from major status ailments and confusion, and halves the power of incoming []{type:dragon} moves."",""For five turns, protects all Pokémon on the ground from major status ailments and confusion and weakens []{type:dragon} moves used against them to 0.5× their power."
354,Changes the target's move's type to []{type:electric} if it hasn't moved yet this turn.,Changes the target's move's type to []{type:electric} if it hasn't moved yet this turn.
355,Prevents all Pokémon from fleeing or switching out during the next turn.,Prevents all Pokémon from fleeing or switching out during the next turn.
356,Blocks damaging attacks and lowers attacking Pokémon's Attack by two stages on contact. Switches Aegislash to Shield Forme.,Blocks damaging attacks and lowers attacking Pokémon's Attack by two stages on contact. Switches Aegislash to Shield Forme.
357,Lowers the target's Attack by one stage.,Lowers the target's [Attack]{mechanic:attack} by one [stage]{mechanic:stage}.
358,Lowers the target's Special Attack by one stage.,Lowers the target's Special Attack by one stage.
359,Has a $effect_chance% chance to raise the user's Defense by two stages for each target hit.,Inflicts regular damage. Has a $effect_chance% chance to raise the user's Defense by two stages for each target hit.
360,Ignores and destroys protection effects.,Inflicts [regular damage]{mechanic:regular-damage}. Bypasses and removes any protection effect on the target.
361,Hits 2–5 times.,Inflicts regular damage. Hits 2–5 times.
362,Blocks damaging attacks and damages attacking Pokémon for 1/8 their max HP.,Blocks damaging attacks and damages attacking Pokémon for 1/8 their max HP.
363,Raises a selected ally's Special Defense by one stage.,Raises a selected ally's Special Defense by one stage.
364,Lowers the target's Attack,"Special Attack, and Speed by one stage if it is poisoned."",""Lowers the target's Attack, Special Attack, and Speed by one stage if it is poisoned."
365,Lowers the target's Attack by one stage.,Lowers the target's Attack by one stage.
366,Takes one turn to charge,"then raises the user's Special Attack, Special Defense, and Speed by two stages."",""Takes one turn to charge, then raises the user's Special Attack, Special Defense, and Speed by two stages."
367,Raises the Defense and Special Defense of all friendly Pokémon with []{ability:plus} or []{ability:minus} by one stage.,Raises the Defense and Special Defense of all friendly Pokémon with []{ability:plus} or []{ability:minus} by one stage.
368,Doubles prize money.,Doubles prize money.
369,For five turns,"prevents all Pokémon on the ground from sleeping and strengthens their []{type:electric} moves to 1.5× their power."",""For five turns, prevents all Pokémon on the ground from sleeping and strengthens their []{type:electric} moves to 1.5× their power."
370,Does nothing.,Does nothing.
371,Does nothing.,Does nothing.
372,Has a $effect_chance% chance to paralyze the target.,Inflicts [regular damage]{mechanic:regular-damage}. Has a $effect_chance% chance to [paralyze]{mechanic:paralysis} the target.
373,Grounds the target,"and hits even Flying-type or levitating Pokémon."",Inflicts regular damage. Grounds the target until it leaves battle. Ignores levitation effects and the immunity of []{type:flying}-type Pokémon."
374,Prevents the target from leaving battle.,Inflicts regular damage. Traps the target.
375,Raises the user's Attack by one stage after inflicting damage.,Inflicts regular damage. Raises the user's Attack by one stage.
376,Adds []{type:grass} to the target's types.,Adds []{type:grass} to the target's types.
377,Protects all friendly Pokémon from damaging moves. Only works on the first turn after the user is sent out.,Protects all friendly Pokémon from damaging moves. Only works on the first turn after the user is sent out.
378,Explodes if the target uses a []{type:fire} move this turn,"damaging it for 1/4 its max HP and preventing the move."",""Explodes if the target uses a []{type:fire} move this turn, damaging it for 1/4 its max HP and preventing the move."
379,Inflicts regular damage.,Inflicts [regular damage]{mechanic:regular-damage}.
380,Super-effective against []{type:water}.,Inflicts [regular damage]{mechanic:regular-damage}. This move is super-effective against the []{type:water} type.
381,Never misses.,Inflicts [regular damage]{mechanic:regular-damage}. Ignores [accuracy]{mechanic:accuracy} and [evasion]{mechanic:evasion}.
382,Heals the user for ½ its max HP,"or ⅔ during a sandstorm."",""Heals the user for ½ its max HP. During a []{move:sandstorm}, the healing is increased to ⅔."
383,Can only be used as the first move after the user enters battle.,Inflicts regular damage. Can only be used on the user's first turn after entering the field.
384,Grants the user protection for the rest of the turn and poisons any Pokémon that tries to use a contact move on it.,"Grants the user protection for the rest of the turn. If a Pokémon attempts to use a move that makes contact with the user, that Pokémon will be poisoned. This move's chance of success halves every time it's used consecutively with any other protection move."
385,Traps the target.,Inflicts regular damage. Traps the target.
386,Cures the target of burns.,"Inflicts regular damage. If the target has a burn and takes damage from this move, its burn is healed."
387,Heals the target for ½ its max HP,"or ⅔ on Grassy Terrain."",""Heals the target for ½ its max HP. If []{move:grassy-terrain} is in effect, heals for ⅔ instead."
388,Heals the user by the target's current Attack stat and lowers the target's Attack by one stage.,"Lowers the target's Attack by one stage. Heals the user by the target's current Attack, including modifiers, but not including this move's Attack-lowering effect."
6,this move will fail. In any other situation that would prevent a stat modification,the healing will still succeed.
389,Forces the target's opponents to aim at the target for the rest of the turn.,"For the duration of the turn, if the target is also a valid target for a move used by one of its opponents, that move will target it instead."
390,Poisons the target and lowers its Speed by one stage.,Poisons the target and lowers its Speed by one stage.
391,Guarantees a critical hit with the user's next move.,The user's next move will result in a [critical hit]{mechanic:critical-hit}.
392,Raises the Attack and Special Attack of all friendly Pokémon with []{ability:plus} or []{ability:minus} by one stage.,Raises the Attack and Special Attack of all friendly Pokémon with []{ability:plus} or []{ability:minus} by one stage.
393,Prevents the target from using sound-based moves for two turns.,"Inflicts [regular damage]{mechanic:regular-damage}. Silences the target for two turns, preventing it from using any sound-based moves."
394,Damages opponents,"but heals allies for 50% of their max HP."",""If the target is an opponent, inflicts [regular damage]{mechanic:regular-damage}. If the target is an ally, heals the target for 50% of its max HP."
395,Protects Pokémon on the ground from priority moves and increases the power of their Psychic moves by 50%.,"Changes the terrain to Psychic Terrain for 5 turns. Overrides []{move:electric-terrain}, []{move:grassy-terrain}, and []{move:misty-terrain}."
396,Lowers the target's Attack by one stage after inflicting damage.,Inflicts [regular damage]{mechanic:regular-damage}. Lowers the target's [Attack]{mechanic:attack} by one [stage]{mechanic:stage}.
397,Lowers the target's Defense by one stage after inflicting damage.,Inflicts [regular damage]{mechanic:regular-damage}. Lowers the target's [Defense]{mechanic:defense} by one [stage]{mechanic:stage}.
398,Removes the user's []{type:fire} type after inflicting damage.,"Inflicts [regular damage]{mechanic:regular-damage}. Removes the user's []{type:fire} type after damage calculation. If the user is not []{type:fire}-type, this move will fail."
399,Exchanges the user's Speed with the target's.,Exchanges the original [Speed]{mechanic:speed} stats of the user and target.
400,Cures the target of a major status ailment and heals the user for 50% of its max HP.,"Cures the target of its major status ailment and heals the user for 50% of its max HP. If the target has no major status ailment, this move will fail."
401,Has the same type as the user.,"Inflicts [regular damage]{mechanic:regular-damage}. This move's type matches the user's first type, if any"
402,Nullifies the target's ability if it moves earlier.,"Inflicts [regular damage]{mechanic:regular-damage}. If the target has already moved this turn, its ability is nullified."
403,Forces the target to repeat its last used move.,"The target immediately uses its most recently-used move. This is independent of the target's normal action for the turn (i.e., it may end up moving twice), but otherwise functions as usual, including deduction of PP. This effect works for disabled moves and ignores []{move:torment}."
404,Inflicts a burn on any Pokémon that makes contact before the attack.,"Begins charging at the start of the turn, then attacks as normal. Any Pokémon that makes contact with the user while charging is [burned]{mechanic:burns}. The charging is not affected by accuracy, sleep, paralysis, or any other effect that would interfere with a move."
405,Lowers the user's Defense by one stage after inflicting damage.,Inflicts [regular damage]{mechanic:regular-damage}. Lowers the user's [Defense]{mechanic:defense} by one [stage]{mechanic:stage}.
406,Inflicts regular damage with no additional effect.,Inflicts [regular damage]{mechanic:regular-damage}.
407,Reduces damage five turns,"but must be used during hail."",""Places the Aurora Veil effect on the user's side of the field for the next 5 turns. If the weather is not []{move:hail}, or the weather is disabled by the effects of []{ability:cloud-nine} or []{ability:air-lock}, this move will fail."
408,Only inflicts damage if the user was hit by a physical move this turn.,"Inflicts [regular damage]{mechanic:regular-damage}. If the user was not yet hit by an opponent's physical move this turn, this move will fail."
409,Has double power if the user's last move failed.,"Inflicts [regular damage]{mechanic:regular-damage}. Power is doubled if the user's last move failed for any reason (i.e., produced the message """"But it failed!"""") or was ineffective due to types."
410,Steals the target's stat increases,"then inflicts damage."",""Steals the target's stat increases, then inflicts [regular damage]{mechanic:regular-damage}. Will not steal stat increases that would put any of the user's stats at more than +6"
411,Cannot be disrupted by abilities.,"Inflicts [regular damage]{mechanic:regular-damage}. Other Pokémon's abilities cannot activate in response to this move. In particular, it hits through []{ability:disguise}"
412,Lowers the target's Attack and Special Attack by one stage.,Lowers the target's [Attack]{mechanic:attack} and [Special Attack]{mechanic:special-attack} by one stage each.
413,Damages the target for 75% of its remaining HP.,Inflicts direct damage equal to ¾ of the target's remaining HP.
414,Raises all of the user's stats by two stages.,"Raises the user's [Attack]{mechanic:attack}, [Defense]{mechanic:defense}, [Special Attack]{mechanic:special-attack}, [Special Defense]{mechanic:special-defense}, and [Speed]{mechanic:speed} by two [stages]{mechanic:stage} each."
415,Changes the terrain to Psychic Terrain after inflicting damage.,"Inflicts [regular damage]{mechanic:regular-damage}, then (if successful) changes the terrain to []{move:psychic-terrain}."
416,XXX new effect for light-that-burns-the-sky,XXX new effect for light-that-burns-the-sky
417,XXX new effect for lets-snuggle-forever,XXX new effect for lets-snuggle-forever
418,XXX new effect for splintered-stormshards,XXX new effect for splintered-stormshards
419,XXX new effect for clangorous-soulblaze,XXX new effect for clangorous-soulblaze
420,XXX new effect for mind-blown,XXX new effect for mind-blown
421,XXX new effect for dynamax-cannon,XXX new effect for dynamax-cannon
422,XXX new effect for snipe-shot,XXX new effect for snipe-shot
423,XXX new effect for jaw-lock,XXX new effect for jaw-lock
424,XXX new effect for stuff-cheeks,XXX new effect for stuff-cheeks
425,XXX new effect for no-retreat,XXX new effect for no-retreat
426,XXX new effect for tar-shot,XXX new effect for tar-shot
427,XXX new effect for magic-powder,XXX new effect for magic-powder
428,XXX new effect for dragon-darts,XXX new effect for dragon-darts
429,XXX new effect for teatime,XXX new effect for teatime
430,XXX new effect for octolock,XXX new effect for octolock
431,XXX new effect for bolt-beak,XXX new effect for bolt-beak
432,XXX new effect for court-change,XXX new effect for court-change
433,XXX new effect for clangorous-soul,XXX new effect for clangorous-soul
434,XXX new effect for body-press,XXX new effect for body-press
435,XXX new effect for decorate,XXX new effect for decorate
436,XXX new effect for behemoth-blade,XXX new effect for behemoth-blade
437,XXX new effect for aura-wheel,XXX new effect for aura-wheel
439,XXX new effect for overdrive,XXX new effect for overdrive
440,XXX new effect for apple-acid,XXX new effect for apple-acid
441,XXX new effect for life-dew,XXX new effect for life-dew
442,XXX new effect for obstruct,XXX new effect for obstruct
10001,Has an increased chance for a critical hit in Hyper Mode.,Inflicts [regular damage]{mechanic:regular-damage}. User's [critical hit]{mechanic:critical-hit} rate is one level higher when using this move while in [hyper mode]{mechanic:hyper-mode}.
10002,User receives 1/2 its HP in recoil.,Inflicts [regular damage]{mechanic:regular-damage}. User takes 1/2 of its current [HP]{mechanic:hp} in recoil.
10003,Halves HP of all Pokémon on the field. Must recharge,"Halves [HP]{mechanic:hp} of all Pokémon on the field. User loses its next turn to """"recharge"""", and cannot attack or [switch]{mechanic:switch} out during that turn."
10004,Lowers the target's evasion by two stages.,Lowers the target's [evasion]{mechanic:evasion} by two [stages]{mechanic:stage}.
10005,Removes [Light Screen]{move:light-screen},"[Reflect]{move:reflect}, and [Safeguard]{move:safeguard}."",""Removes the effects of []{move:light-screen}, []{move:reflect}, and []{move:safeguard}."
10006,Changes the weather to Shadow Sky for five turns.,Changes the weather to Shadow Sky for five turns. Pokémon other than []{type:shadow} Pokémon take 1/16 their max [HP]{mechanic:hp} at the end of every turn. This move is typeless for the purposes of []{move:weather-ball}.
